,File_Name,Prediction_Accuracy,Predicted_Label
0,cat.4008.jpg,1.0,cat
1,cat.4021.jpg,1.0,cat
2,cat.4020.jpg,1.0,cat
3,cat.4016.jpg,1.0,cat
4,cat.4014.jpg,1.0,cat
5,cat.4005.jpg,1.0,cat
6,cat.4009.jpg,1.0,cat
7,cat.4022.jpg,1.0,cat
8,cat.4018.jpg,1.0,cat
9,cat.4015.jpg,1.0,cat
10,cat.4006.jpg,1.0,cat
11,cat.4044.jpg,1.0,cat
12,cat.4041.jpg,1.0,cat
13,cat.4042.jpg,1.0,cat
14,cat.4029.jpg,1.0,cat
15,cat.4039.jpg,1.0,cat
16,cat.4038.jpg,1.0,cat
17,cat.4027.jpg,1.0,cat
18,cat.4036.jpg,1.0,cat
19,cat.4034.jpg,1.0,cat
20,cat.4031.jpg,1.0,cat
21,cat.4040.jpg,1.0,cat
22,cat.4024.jpg,1.0,cat
23,cat.4026.jpg,1.0,cat
24,cat.4030.jpg,1.0,cat
25,cat.4037.jpg,1.0,cat
26,cat.4028.jpg,1.0,cat
27,cat.4025.jpg,1.0,cat
28,cat.4032.jpg,1.0,cat
29,cat.4043.jpg,1.0,cat
30,cat.4035.jpg,1.0,cat
31,cat.4033.jpg,1.0,cat
32,cat.4046.jpg,1.0,cat
33,cat.4059.jpg,1.0,cat
34,cat.4066.jpg,1.0,cat
35,cat.4062.jpg,1.0,cat
36,cat.4058.jpg,1.0,cat
37,cat.4048.jpg,1.0,cat
38,cat.4053.jpg,1.0,cat
39,cat.4068.jpg,1.0,cat
40,cat.4064.jpg,1.0,cat
41,cat.4061.jpg,1.0,cat
42,cat.4069.jpg,1.0,cat
43,cat.4050.jpg,1.0,cat
44,cat.4052.jpg,1.0,cat
45,cat.4056.jpg,1.0,cat
46,cat.4057.jpg,1.0,cat
47,cat.4055.jpg,1.0,cat
48,cat.4067.jpg,1.0,cat
49,cat.4049.jpg,1.0,cat
50,cat.4060.jpg,1.0,cat
51,cat.4065.jpg,1.0,cat
52,cat.4045.jpg,1.0,cat
53,cat.4047.jpg,1.0,cat
54,cat.4054.jpg,1.0,cat
55,cat.4051.jpg,1.0,cat
56,cat.4063.jpg,1.0,cat
57,cat.4100.jpg,1.0,cat
58,cat.4070.jpg,1.0,cat
59,cat.4092.jpg,1.0,cat
60,cat.4081.jpg,1.0,cat
61,cat.4071.jpg,1.0,cat
62,cat.4085.jpg,1.0,cat
63,cat.4073.jpg,1.0,cat
64,cat.4089.jpg,1.0,cat
65,cat.4101.jpg,1.0,cat
66,cat.4074.jpg,1.0,cat
67,cat.4082.jpg,1.0,cat
68,cat.4093.jpg,1.0,cat
69,cat.4090.jpg,1.0,cat
70,cat.4072.jpg,1.0,cat
71,cat.4076.jpg,1.0,cat
72,cat.4099.jpg,1.0,cat
73,cat.4083.jpg,1.0,cat
74,cat.4087.jpg,1.0,cat
75,cat.4088.jpg,1.0,cat
76,cat.4094.jpg,1.0,cat
77,cat.4091.jpg,1.0,cat
78,cat.4078.jpg,1.0,cat
79,cat.4095.jpg,1.0,cat
80,cat.4077.jpg,1.0,cat
81,cat.4096.jpg,1.0,cat
82,cat.4075.jpg,1.0,cat
83,cat.4097.jpg,1.0,cat
84,cat.4080.jpg,1.0,cat
85,cat.4098.jpg,1.0,cat
86,cat.4084.jpg,1.0,cat
87,cat.4102.jpg,1.0,cat
88,cat.4086.jpg,1.0,cat
89,cat.4079.jpg,1.0,cat
90,cat.4120.jpg,1.0,cat
91,cat.4115.jpg,1.0,cat
92,cat.4121.jpg,1.0,cat
93,cat.4123.jpg,1.0,cat
94,cat.4103.jpg,1.0,cat
95,cat.4106.jpg,1.0,cat
96,cat.4129.jpg,1.0,cat
97,cat.4139.jpg,1.0,cat
98,cat.4140.jpg,1.0,cat
99,cat.4109.jpg,1.0,cat
100,cat.4135.jpg,1.0,cat
101,cat.4105.jpg,1.0,cat
102,cat.4128.jpg,1.0,cat
103,cat.4138.jpg,1.0,cat
104,cat.4141.jpg,1.0,cat
105,cat.4104.jpg,1.0,cat
106,cat.4130.jpg,1.0,cat
107,cat.4137.jpg,1.0,cat
108,cat.4119.jpg,1.0,cat
109,cat.4112.jpg,1.0,cat
110,cat.4118.jpg,1.0,cat
111,cat.4132.jpg,1.0,cat
112,cat.4142(1).jpg,1.0,cat
113,cat.4126.jpg,1.0,cat
114,cat.4127.jpg,1.0,cat
115,cat.4145.jpg,1.0,cat
116,cat.4117.jpg,1.0,cat
117,cat.4108.jpg,1.0,cat
118,cat.4133.jpg,1.0,cat
119,cat.4114.jpg,1.0,cat
120,cat.4113.jpg,1.0,cat
121,cat.4142.jpg,1.0,cat
122,cat.4116.jpg,1.0,cat
123,cat.4131.jpg,1.0,cat
124,cat.4122.jpg,1.0,cat
125,cat.4111.jpg,1.0,cat
126,cat.4110.jpg,1.0,cat
127,cat.4144.jpg,1.0,cat
128,cat.4107.jpg,1.0,cat
129,cat.4125.jpg,1.0,cat
130,cat.4124.jpg,1.0,cat
131,cat.4134.jpg,1.0,cat
132,cat.4143.jpg,1.0,cat
133,cat.4136.jpg,1.0,cat
134,cat.4178.jpg,1.0,cat
135,cat.4179.jpg,1.0,cat
136,cat.4156(1).jpg,1.0,cat
137,cat.4172.jpg,1.0,cat
138,cat.4181.jpg,1.0,cat
139,cat.4157.jpg,1.0,cat
140,cat.4150.jpg,1.0,cat
141,cat.4167.jpg,1.0,cat
142,cat.4153.jpg,1.0,cat
143,cat.4170.jpg,1.0,cat
144,cat.4180.jpg,1.0,cat
145,cat.4168.jpg,1.0,cat
146,cat.4175.jpg,1.0,cat
147,cat.4160.jpg,1.0,cat
148,cat.4171.jpg,1.0,cat
149,cat.4146.jpg,1.0,cat
150,cat.4149.jpg,1.0,cat
151,cat.4181(1).jpg,1.0,cat
152,cat.4182.jpg,1.0,cat
153,cat.4148.jpg,1.0,cat
154,cat.4183.jpg,1.0,cat
155,cat.4176.jpg,1.0,cat
156,cat.4159.jpg,4.438509e-37,dog
157,cat.4174.jpg,1.0,cat
158,cat.4169.jpg,1.0,cat
159,cat.4165.jpg,1.0,cat
160,cat.4177.jpg,1.0,cat
161,cat.4151.jpg,1.0,cat
162,cat.4147.jpg,1.0,cat
163,cat.4161.jpg,1.0,cat
164,cat.4173.jpg,1.0,cat
165,cat.4156.jpg,1.0,cat
166,cat.4163.jpg,1.0,cat
167,cat.4152.jpg,1.0,cat
168,cat.4155.jpg,1.0,cat
169,cat.4164.jpg,1.0,cat
170,cat.4154.jpg,1.0,cat
171,cat.4162.jpg,1.0,cat
172,cat.4166.jpg,1.0,cat
173,cat.4158.jpg,1.0,cat
174,cat.4217.jpg,1.0,cat
175,cat.4190.jpg,1.0,cat
176,cat.4189.jpg,1.0,cat
177,cat.4191.jpg,1.0,cat
178,cat.4205.jpg,1.0,cat
179,cat.4218.jpg,1.0,cat
180,cat.4220.jpg,1.0,cat
181,cat.4214.jpg,1.0,cat
182,cat.4184.jpg,1.0,cat
183,cat.4207.jpg,1.0,cat
184,cat.4206.jpg,1.0,cat
185,cat.4196.jpg,1.0,cat
186,cat.4201.jpg,1.0,cat
187,cat.4204.jpg,1.0,cat
188,cat.4193.jpg,1.0,cat
189,cat.4185.jpg,1.0,cat
190,cat.4197.jpg,1.0,cat
191,cat.4203.jpg,1.0,cat
192,cat.4212.jpg,1.0,cat
193,cat.4195.jpg,1.0,cat
194,cat.4198.jpg,1.0,cat
195,cat.4219.jpg,1.0,cat
196,cat.4209.jpg,1.0,cat
197,cat.4215.jpg,1.0,cat
198,cat.4195(1).jpg,1.0,cat
199,cat.4210.jpg,1.0,cat
200,cat.4194.jpg,1.0,cat
201,cat.4187.jpg,1.0,cat
202,cat.4213.jpg,1.0,cat
203,cat.4208.jpg,1.0,cat
204,cat.4186.jpg,1.0,cat
205,cat.4220(1).jpg,1.0,cat
206,cat.4199.jpg,1.0,cat
207,cat.4211.jpg,1.0,cat
208,cat.4188.jpg,1.0,cat
209,cat.4216.jpg,1.0,cat
210,cat.4202.jpg,1.0,cat
211,cat.4192.jpg,1.0,cat
212,cat.4200.jpg,1.0,cat
213,cat.4245.jpg,1.0,cat
214,cat.4224.jpg,1.0,cat
215,cat.4252.jpg,1.0,cat
216,cat.4251.jpg,1.0,cat
217,cat.4230.jpg,1.0,cat
218,cat.4259.jpg,1.0,cat
219,cat.4250.jpg,1.0,cat
220,cat.4244.jpg,1.0,cat
221,cat.4225.jpg,1.0,cat
222,cat.4231.jpg,1.0,cat
223,cat.4239.jpg,1.0,cat
224,cat.4253.jpg,1.0,cat
225,cat.4257.jpg,1.0,cat
226,cat.4229.jpg,1.0,cat
227,cat.4248.jpg,1.0,cat
228,cat.4226.jpg,1.0,cat
229,cat.4221.jpg,1.0,cat
230,cat.4240.jpg,1.0,cat
231,cat.4256.jpg,1.0,cat
232,cat.4236.jpg,1.0,cat
233,cat.4235.jpg,1.0,cat
234,cat.4227.jpg,1.0,cat
235,cat.4232.jpg,1.0,cat
236,cat.4223.jpg,1.0,cat
237,cat.4249.jpg,1.0,cat
238,cat.4243.jpg,1.0,cat
239,cat.4246.jpg,1.0,cat
240,cat.4233.jpg,1.0,cat
241,cat.4222.jpg,1.0,cat
242,cat.4238.jpg,1.0,cat
243,cat.4247.jpg,1.0,cat
244,cat.4258.jpg,1.0,cat
245,cat.4241.jpg,1.0,cat
246,cat.4237.jpg,1.0,cat
247,cat.4255.jpg,1.0,cat
248,cat.4242.jpg,1.0,cat
249,cat.4234.jpg,1.0,cat
250,cat.4254.jpg,1.0,cat
251,cat.4228.jpg,1.0,cat
252,cat.4264.jpg,1.0,cat
253,cat.4301.jpg,1.0,cat
254,cat.4302.jpg,1.0,cat
255,cat.4285.jpg,1.0,cat
256,cat.4260.jpg,1.0,cat
257,cat.4272.jpg,1.0,cat
258,cat.4300.jpg,1.0,cat
259,cat.4262.jpg,1.0,cat
260,cat.4282.jpg,1.0,cat
261,cat.4287.jpg,1.0,cat
262,cat.4270.jpg,1.0,cat
263,cat.4283.jpg,1.0,cat
264,cat.4273.jpg,1.0,cat
265,cat.4267.jpg,1.0,cat
266,cat.4278.jpg,1.0,cat
267,cat.4295.jpg,1.0,cat
268,cat.4271.jpg,1.0,cat
269,cat.4266.jpg,1.0,cat
270,cat.4279.jpg,1.0,cat
271,cat.4261.jpg,1.0,cat
272,cat.4289.jpg,1.0,cat
273,cat.4265.jpg,1.0,cat
274,cat.4299.jpg,1.0,cat
275,cat.4268.jpg,1.0,cat
276,cat.4284.jpg,1.0,cat
277,cat.4297.jpg,1.0,cat
278,cat.4263.jpg,1.0,cat
279,cat.4280.jpg,1.0,cat
280,cat.4288.jpg,1.0,cat
281,cat.4286.jpg,1.0,cat
282,cat.4290.jpg,1.0,cat
283,cat.4294.jpg,1.0,cat
284,cat.4274.jpg,1.0,cat
285,cat.4293.jpg,1.0,cat
286,cat.4277.jpg,1.0,cat
287,cat.4276.jpg,1.0,cat
288,cat.4296.jpg,1.0,cat
289,cat.4269.jpg,1.0,cat
290,cat.4275.jpg,1.0,cat
291,cat.4281.jpg,1.0,cat
292,cat.4292.jpg,1.0,cat
293,cat.4291.jpg,1.0,cat
294,cat.4298.jpg,1.0,cat
295,cat.4308.jpg,1.0,cat
296,cat.4313.jpg,1.0,cat
297,cat.4321.jpg,1.0,cat
298,cat.4322.jpg,1.0,cat
299,cat.4314.jpg,1.0,cat
300,cat.4317.jpg,1.0,cat
301,cat.4309.jpg,1.0,cat
302,cat.4333.jpg,0.0,dog
303,cat.4324.jpg,1.0,cat
304,cat.4320.jpg,1.0,cat
305,cat.4304.jpg,1.0,cat
306,cat.4316.jpg,1.0,cat
307,cat.4315.jpg,1.0,cat
308,cat.4327.jpg,1.0,cat
309,cat.4325.jpg,1.0,cat
310,cat.4339.jpg,1.0,cat
311,cat.4342.jpg,1.0,cat
312,cat.4312.jpg,1.0,cat
313,cat.4318.jpg,1.0,cat
314,cat.4329.jpg,1.0,cat
315,cat.4338.jpg,1.0,cat
316,cat.4323.jpg,1.0,cat
317,cat.4340.jpg,1.0,cat
318,cat.4337.jpg,1.0,cat
319,cat.4326.jpg,1.0,cat
320,cat.4303.jpg,1.0,cat
321,cat.4330.jpg,1.0,cat
322,cat.4332.jpg,1.0,cat
323,cat.4307.jpg,1.0,cat
324,cat.4306.jpg,1.0,cat
325,cat.4311.jpg,1.0,cat
326,cat.4319.jpg,1.0,cat
327,cat.4310.jpg,1.0,cat
328,cat.4331.jpg,1.0,cat
329,cat.4341.jpg,1.0,cat
330,cat.4344.jpg,1.0,cat
331,cat.4336.jpg,1.0,cat
332,cat.4343.jpg,1.0,cat
333,cat.4328.jpg,1.0,cat
334,cat.4334.jpg,1.0,cat
335,cat.4345.jpg,1.0,cat
336,cat.4305.jpg,1.0,cat
337,cat.4335.jpg,1.0,cat
338,cat.4371.jpg,1.0,cat
339,cat.4357.jpg,1.0,cat
340,cat.4352.jpg,1.0,cat
341,cat.4350.jpg,1.0,cat
342,cat.4373.jpg,1.0,cat
343,cat.4364.jpg,1.0,cat
344,cat.4380.jpg,1.0,cat
345,cat.4353.jpg,1.0,cat
346,cat.4347.jpg,1.0,cat
347,cat.4369.jpg,1.0,cat
348,cat.4355.jpg,1.0,cat
349,cat.4378.jpg,1.0,cat
350,cat.4361.jpg,1.0,cat
351,cat.4368.jpg,0.0,dog
352,cat.4349.jpg,1.0,cat
353,cat.4370.jpg,1.0,cat
354,cat.4362.jpg,1.0,cat
355,cat.4359.jpg,1.0,cat
356,cat.4351.jpg,1.0,cat
357,cat.4360.jpg,1.0,cat
358,cat.4367.jpg,1.0,cat
359,cat.4376.jpg,1.0,cat
360,cat.4365.jpg,1.0,cat
361,cat.4379.jpg,1.0,cat
362,cat.4377.jpg,1.0,cat
363,cat.4372.jpg,1.0,cat
364,cat.4374.jpg,1.0,cat
365,cat.4375.jpg,1.0,cat
366,cat.4346.jpg,1.0,cat
367,cat.4363.jpg,1.0,cat
368,cat.4348.jpg,1.0,cat
369,cat.4356.jpg,1.0,cat
370,cat.4358.jpg,1.0,cat
371,cat.4381.jpg,1.0,cat
372,cat.4354.jpg,1.0,cat
373,cat.4366.jpg,1.0,cat
374,cat.4415.jpg,1.0,cat
375,cat.4392.jpg,1.0,cat
376,cat.4413.jpg,1.0,cat
377,cat.4401.jpg,0.0,dog
378,cat.4396.jpg,1.0,cat
379,cat.4411.jpg,1.0,cat
380,cat.4404.jpg,1.0,cat
381,cat.4414.jpg,1.0,cat
382,cat.4395.jpg,1.0,cat
383,cat.4402.jpg,1.0,cat
384,cat.4387.jpg,1.0,cat
385,cat.4398.jpg,1.0,cat
386,cat.4384.jpg,1.0,cat
387,cat.4391.jpg,1.0,cat
388,cat.4405.jpg,1.0,cat
389,cat.4406.jpg,1.0,cat
390,cat.4386.jpg,1.0,cat
391,cat.4389.jpg,1.0,cat
392,cat.4399.jpg,1.0,cat
393,cat.4390.jpg,1.0,cat
394,cat.4417.jpg,1.0,cat
395,cat.4388.jpg,1.0,cat
396,cat.4403.jpg,1.0,cat
397,cat.4412.jpg,1.0,cat
398,cat.4385.jpg,1.0,cat
399,cat.4400.jpg,1.0,cat
400,cat.4410.jpg,1.0,cat
401,cat.4383.jpg,1.0,cat
402,cat.4397(1).jpg,1.0,cat
403,cat.4408.jpg,1.0,cat
404,cat.4416.jpg,1.0,cat
405,cat.4407.jpg,1.0,cat
406,cat.4393.jpg,1.0,cat
407,cat.4397.jpg,1.0,cat
408,cat.4409.jpg,1.0,cat
409,cat.4382.jpg,1.0,cat
410,cat.4394.jpg,1.0,cat
411,cat.4418.jpg,1.0,cat
412,cat.4421.jpg,1.0,cat
413,cat.4435.jpg,1.0,cat
414,cat.4430.jpg,1.0,cat
415,cat.4422.jpg,1.0,cat
416,cat.4433.jpg,1.0,cat
417,cat.4432.jpg,1.0,cat
418,cat.4441.jpg,1.0,cat
419,cat.4444.jpg,1.0,cat
420,cat.4423.jpg,1.0,cat
421,cat.4426.jpg,1.0,cat
422,cat.4442.jpg,1.0,cat
423,cat.4438.jpg,1.0,cat
424,cat.4439.jpg,1.0,cat
425,cat.4434.jpg,1.0,cat
426,cat.4425.jpg,1.0,cat
427,cat.4427.jpg,1.0,cat
428,cat.4431.jpg,1.0,cat
429,cat.4440.jpg,1.0,cat
430,cat.4424.jpg,1.0,cat
431,cat.4436.jpg,1.0,cat
432,cat.4443.jpg,1.0,cat
433,cat.4429.jpg,1.0,cat
434,cat.4420.jpg,1.0,cat
435,cat.4419.jpg,1.0,cat
436,cat.4428.jpg,1.0,cat
437,cat.4437.jpg,1.0,cat
438,cat.4471.jpg,1.0,cat
439,cat.4457.jpg,1.0,cat
440,cat.4459.jpg,1.0,cat
441,cat.4454.jpg,1.0,cat
442,cat.4483.jpg,1.0,cat
443,cat.4467.jpg,1.0,cat
444,cat.4469.jpg,1.0,cat
445,cat.4484.jpg,1.0,cat
446,cat.4448.jpg,1.0,cat
447,cat.4479.jpg,1.0,cat
448,cat.4482.jpg,1.0,cat
449,cat.4463.jpg,1.0,cat
450,cat.4474.jpg,1.0,cat
451,cat.4449.jpg,1.0,cat
452,cat.4461.jpg,1.0,cat
453,cat.4480.jpg,1.0,cat
454,cat.4456.jpg,1.0,cat
455,cat.4460.jpg,1.0,cat
456,cat.4455.jpg,1.0,cat
457,cat.4453.jpg,1.0,cat
458,cat.4477.jpg,1.0,cat
459,cat.4445.jpg,1.0,cat
460,cat.4465.jpg,1.0,cat
461,cat.4476.jpg,1.0,cat
462,cat.4451.jpg,1.0,cat
463,cat.4468.jpg,1.0,cat
464,cat.4462.jpg,1.0,cat
465,cat.4470.jpg,1.0,cat
466,cat.4466.jpg,1.0,cat
467,cat.4472.jpg,1.0,cat
468,cat.4452.jpg,1.0,cat
469,cat.4464.jpg,1.0,cat
470,cat.4458.jpg,1.0,cat
471,cat.4450.jpg,1.0,cat
472,cat.4446.jpg,1.0,cat
473,cat.4475.jpg,1.0,cat
474,cat.4485.jpg,1.0,cat
475,cat.4447.jpg,1.0,cat
476,cat.4473.jpg,1.0,cat
477,cat.4481.jpg,1.0,cat
478,cat.4478.jpg,1.0,cat
479,cat.4510.jpg,1.0,cat
480,cat.4518.jpg,1.0,cat
481,cat.4492.jpg,1.0,cat
482,cat.4489.jpg,1.0,cat
483,cat.4508.jpg,1.0,cat
484,cat.4487.jpg,1.0,cat
485,cat.4521.jpg,1.0,cat
486,cat.4512.jpg,1.0,cat
487,cat.4493.jpg,1.0,cat
488,cat.4499.jpg,1.0,cat
489,cat.4520.jpg,1.0,cat
490,cat.4503.jpg,1.0,cat
491,cat.4495.jpg,1.0,cat
492,cat.4517.jpg,1.0,cat
493,cat.4496.jpg,1.0,cat
494,cat.4501.jpg,1.0,cat
495,cat.4515.jpg,1.0,cat
496,cat.4519.jpg,1.0,cat
497,cat.4514.jpg,1.0,cat
498,cat.4490.jpg,1.0,cat
499,cat.4516.jpg,1.0,cat
500,cat.4494.jpg,1.0,cat
501,cat.4523.jpg,1.0,cat
502,cat.4522.jpg,1.0,cat
503,cat.4504.jpg,1.0,cat
504,cat.4498.jpg,1.0,cat
505,cat.4500.jpg,1.0,cat
506,cat.4527.jpg,1.0,cat
507,cat.4507.jpg,1.0,cat
508,cat.4497.jpg,1.0,cat
509,cat.4525.jpg,0.0,dog
510,cat.4513.jpg,0.0,dog
511,cat.4488.jpg,1.0,cat
512,cat.4502.jpg,1.0,cat
513,cat.4505.jpg,1.0,cat
514,cat.4486.jpg,1.0,cat
515,cat.4526.jpg,1.0,cat
516,cat.4491.jpg,1.0,cat
517,cat.4509.jpg,1.0,cat
518,cat.4506.jpg,1.0,cat
519,cat.4524.jpg,1.0,cat
520,cat.4511.jpg,1.0,cat
521,cat.4563.jpg,1.0,cat
522,cat.4558.jpg,1.0,cat
523,cat.4540.jpg,1.0,cat
524,cat.4534.jpg,1.0,cat
525,cat.4532.jpg,1.0,cat
526,cat.4545.jpg,1.0,cat
527,cat.4530.jpg,1.0,cat
528,cat.4546.jpg,1.0,cat
529,cat.4543.jpg,1.0,cat
530,cat.4564.jpg,1.0,cat
531,cat.4569.jpg,1.0,cat
532,cat.4567.jpg,1.0,cat
533,cat.4552.jpg,1.0,cat
534,cat.4547.jpg,1.0,cat
535,cat.4550.jpg,1.0,cat
536,cat.4560.jpg,1.0,cat
537,cat.4549.jpg,1.0,cat
538,cat.4566.jpg,1.0,cat
539,cat.4533.jpg,1.0,cat
540,cat.4571.jpg,1.0,cat
541,cat.4557.jpg,1.0,cat
542,cat.4568.jpg,1.0,cat
543,cat.4559.jpg,1.0,cat
544,cat.4551.jpg,1.0,cat
545,cat.4562.jpg,1.0,cat
546,cat.4565.jpg,1.0,cat
547,cat.4544.jpg,1.0,cat
548,cat.4542.jpg,1.0,cat
549,cat.4537.jpg,1.0,cat
550,cat.4531.jpg,1.0,cat
551,cat.4535.jpg,1.0,cat
552,cat.4561.jpg,1.0,cat
553,cat.4555.jpg,1.0,cat
554,cat.4556.jpg,1.0,cat
555,cat.4570.jpg,1.0,cat
556,cat.4553.jpg,1.0,cat
557,cat.4541.jpg,1.0,cat
558,cat.4548.jpg,1.0,cat
559,cat.4538.jpg,1.0,cat
560,cat.4554.jpg,1.0,cat
561,cat.4528.jpg,1.0,cat
562,cat.4536.jpg,1.0,cat
563,cat.4529.jpg,1.0,cat
564,cat.4539.jpg,1.0,cat
565,cat.4600.jpg,1.0,cat
566,cat.4587.jpg,1.0,cat
567,cat.4598.jpg,1.0,cat
568,cat.4603.jpg,1.0,cat
569,cat.4572.jpg,1.0,cat
570,cat.4576.jpg,1.0,cat
571,cat.4584.jpg,1.0,cat
572,cat.4579.jpg,1.0,cat
573,cat.4575.jpg,1.0,cat
574,cat.4591.jpg,1.0,cat
575,cat.4593.jpg,1.0,cat
576,cat.4586.jpg,1.0,cat
577,cat.4578.jpg,1.0,cat
578,cat.4599.jpg,1.0,cat
579,cat.4583.jpg,1.0,cat
580,cat.4601.jpg,1.0,cat
581,cat.4588.jpg,1.0,cat
582,cat.4595.jpg,1.0,cat
583,cat.4594.jpg,1.0,cat
584,cat.4580.jpg,1.0,cat
585,cat.4597.jpg,1.0,cat
586,cat.4574.jpg,1.0,cat
587,cat.4573.jpg,1.0,cat
588,cat.4602.jpg,1.0,cat
589,cat.4604.jpg,1.0,cat
590,cat.4596.jpg,1.0,cat
591,cat.4590.jpg,1.0,cat
592,cat.4589.jpg,1.0,cat
593,cat.4577.jpg,1.0,cat
594,cat.4592.jpg,1.0,cat
595,cat.4605.jpg,1.0,cat
596,cat.4581.jpg,1.0,cat
597,cat.4585.jpg,1.0,cat
598,cat.4582.jpg,1.0,cat
599,cat.4606.jpg,1.0,cat
600,cat.4626.jpg,1.0,cat
601,cat.4642.jpg,1.0,cat
602,cat.4625.jpg,1.0,cat
603,cat.4634.jpg,1.0,cat
604,cat.4638.jpg,1.0,cat
605,cat.4631.jpg,1.0,cat
606,cat.4615.jpg,1.0,cat
607,cat.4624.jpg,1.0,cat
608,cat.4607.jpg,1.0,cat
609,cat.4632.jpg,1.0,cat
610,cat.4627.jpg,1.0,cat
611,cat.4618(1).jpg,1.0,cat
612,cat.4619.jpg,1.0,cat
613,cat.4614.jpg,1.0,cat
614,cat.4640.jpg,1.0,cat
615,cat.4636.jpg,1.0,cat
616,cat.4624(1).jpg,1.0,cat
617,cat.4616.jpg,1.0,cat
618,cat.4609.jpg,1.0,cat
619,cat.4635.jpg,1.0,cat
620,cat.4611.jpg,1.0,cat
621,cat.4628.jpg,1.0,cat
622,cat.4613.jpg,1.0,cat
623,cat.4610.jpg,1.0,cat
624,cat.4630.jpg,1.0,cat
625,cat.4623.jpg,1.0,cat
626,cat.4633.jpg,1.0,cat
627,cat.4618.jpg,1.0,cat
628,cat.4622.jpg,1.0,cat
629,cat.4629.jpg,1.0,cat
630,cat.4608.jpg,1.0,cat
631,cat.4630(1).jpg,1.0,cat
632,cat.4641.jpg,1.0,cat
633,cat.4620.jpg,1.0,cat
634,cat.4612.jpg,1.0,cat
635,cat.4637.jpg,1.0,cat
636,cat.4621.jpg,1.0,cat
637,cat.4617.jpg,1.0,cat
638,cat.4639.jpg,1.0,cat
639,cat.4674.jpg,1.0,cat
640,cat.4652.jpg,1.0,cat
641,cat.4671.jpg,1.0,cat
642,cat.4658.jpg,1.0,cat
643,cat.4650.jpg,1.0,cat
644,cat.4668.jpg,1.0,cat
645,cat.4670.jpg,1.0,cat
646,cat.4673.jpg,1.0,cat
647,cat.4649.jpg,1.0,cat
648,cat.4662.jpg,1.0,cat
649,cat.4651.jpg,1.0,cat
650,cat.4654.jpg,1.0,cat
651,cat.4661.jpg,0.0,dog
652,cat.4676.jpg,1.0,cat
653,cat.4647.jpg,1.0,cat
654,cat.4648.jpg,1.0,cat
655,cat.4660.jpg,1.0,cat
656,cat.4664.jpg,1.0,cat
657,cat.4653.jpg,1.0,cat
658,cat.4655.jpg,1.0,cat
659,cat.4677.jpg,1.0,cat
660,cat.4644.jpg,1.0,cat
661,cat.4643.jpg,1.0,cat
662,cat.4665.jpg,1.0,cat
663,cat.4656.jpg,1.0,cat
664,cat.4663.jpg,1.0,cat
665,cat.4659.jpg,1.0,cat
666,cat.4669.jpg,1.0,cat
667,cat.4645.jpg,1.0,cat
668,cat.4667.jpg,1.0,cat
669,cat.4657.jpg,1.0,cat
670,cat.4666.jpg,1.0,cat
671,cat.4646.jpg,1.0,cat
672,cat.4672.jpg,1.0,cat
673,cat.4675.jpg,1.0,cat
674,cat.4682.jpg,1.0,cat
675,cat.4702.jpg,1.0,cat
676,cat.4693.jpg,1.0,cat
677,cat.4691.jpg,1.0,cat
678,cat.4701.jpg,1.0,cat
679,cat.4705.jpg,1.0,cat
680,cat.4699.jpg,1.0,cat
681,cat.4680.jpg,1.0,cat
682,cat.4704.jpg,1.0,cat
683,cat.4697.jpg,1.0,cat
684,cat.4698.jpg,1.0,cat
685,cat.4719.jpg,1.0,cat
686,cat.4711.jpg,1.0,cat
687,cat.4717.jpg,1.0,cat
688,cat.4683.jpg,1.0,cat
689,cat.4687.jpg,1.0,cat
690,cat.4696.jpg,1.0,cat
691,cat.4713.jpg,1.0,cat
692,cat.4686.jpg,1.0,cat
693,cat.4688.jpg,1.0,cat
694,cat.4700.jpg,1.0,cat
695,cat.4706.jpg,1.0,cat
696,cat.4678.jpg,1.0,cat
697,cat.4712.jpg,1.0,cat
698,cat.4718.jpg,1.0,cat
699,cat.4714.jpg,1.0,cat
700,cat.4708.jpg,1.0,cat
701,cat.4694.jpg,0.0,dog
702,cat.4684.jpg,1.0,cat
703,cat.4716.jpg,1.0,cat
704,cat.4679.jpg,1.0,cat
705,cat.4692.jpg,1.0,cat
706,cat.4703.jpg,1.0,cat
707,cat.4707.jpg,1.0,cat
708,cat.4690.jpg,1.0,cat
709,cat.4709.jpg,1.0,cat
710,cat.4710.jpg,1.0,cat
711,cat.4689.jpg,1.0,cat
712,cat.4715.jpg,1.0,cat
713,cat.4681.jpg,1.0,cat
714,cat.4685.jpg,1.0,cat
715,cat.4695.jpg,1.0,cat
716,cat.4725.jpg,1.0,cat
717,cat.4732.jpg,1.0,cat
718,cat.4728.jpg,1.0,cat
719,cat.4740.jpg,1.0,cat
720,cat.4736.jpg,1.0,cat
721,cat.4738.jpg,1.0,cat
722,cat.4729.jpg,0.0,dog
723,cat.4721.jpg,1.0,cat
724,cat.4731.jpg,1.0,cat
725,cat.4724.jpg,1.0,cat
726,cat.4723.jpg,1.0,cat
727,cat.4733.jpg,1.0,cat
728,cat.4745.jpg,1.0,cat
729,cat.4743.jpg,1.0,cat
730,cat.4744.jpg,1.0,cat
731,cat.4748.jpg,1.0,cat
732,cat.4720.jpg,1.0,cat
733,cat.4746.jpg,1.0,cat
734,cat.4742.jpg,1.0,cat
735,cat.4737.jpg,1.0,cat
736,cat.4727.jpg,1.0,cat
737,cat.4730.jpg,1.0,cat
738,cat.4751.jpg,1.0,cat
739,cat.4735.jpg,1.0,cat
740,cat.4726.jpg,1.0,cat
741,cat.4722.jpg,1.0,cat
742,cat.4752.jpg,1.0,cat
743,cat.4734.jpg,1.0,cat
744,cat.4739.jpg,1.0,cat
745,cat.4753.jpg,1.0,cat
746,cat.4741.jpg,1.0,cat
747,cat.4749.jpg,1.0,cat
748,cat.4750.jpg,1.0,cat
749,cat.4747.jpg,1.0,cat
750,cat.4786.jpg,1.0,cat
751,cat.4787.jpg,1.0,cat
752,cat.4789.jpg,1.0,cat
753,cat.4755.jpg,1.0,cat
754,cat.4782.jpg,1.0,cat
755,cat.4759.jpg,1.0,cat
756,cat.4762.jpg,1.0,cat
757,cat.4772.jpg,1.0,cat
758,cat.4764.jpg,1.0,cat
759,cat.4780.jpg,1.0,cat
760,cat.4758.jpg,1.0,cat
761,cat.4761.jpg,1.0,cat
762,cat.4783.jpg,1.0,cat
763,cat.4771.jpg,1.0,cat
764,cat.4766.jpg,1.0,cat
765,cat.4781.jpg,1.0,cat
766,cat.4776.jpg,1.0,cat
767,cat.4775.jpg,1.0,cat
768,cat.4767.jpg,1.0,cat
769,cat.4777.jpg,1.0,cat
770,cat.4779.jpg,1.0,cat
771,cat.4769.jpg,1.0,cat
772,cat.4774.jpg,1.0,cat
773,cat.4763.jpg,1.0,cat
774,cat.4765.jpg,1.0,cat
775,cat.4770.jpg,1.0,cat
776,cat.4778.jpg,1.0,cat
777,cat.4788.jpg,1.0,cat
778,cat.4784.jpg,1.0,cat
779,cat.4760.jpg,1.0,cat
780,cat.4756.jpg,1.0,cat
781,cat.4785.jpg,1.0,cat
782,cat.4754.jpg,1.0,cat
783,cat.4773.jpg,1.0,cat
784,cat.4757.jpg,1.0,cat
785,cat.4768.jpg,1.0,cat
786,cat.4800.jpg,1.0,cat
787,cat.4817(1).jpg,1.0,cat
788,cat.4792.jpg,1.0,cat
789,cat.4804.jpg,1.0,cat
790,cat.4801.jpg,1.0,cat
791,cat.4811.jpg,1.0,cat
792,cat.4803(1).jpg,1.0,cat
793,cat.4796.jpg,1.0,cat
794,cat.4810.jpg,1.0,cat
795,cat.4812.jpg,1.0,cat
796,cat.4795.jpg,1.0,cat
797,cat.4821.jpg,1.0,cat
798,cat.4798.jpg,1.0,cat
799,cat.4803.jpg,1.0,cat
800,cat.4797.jpg,1.0,cat
801,cat.4799.jpg,1.0,cat
802,cat.4818.jpg,0.0,dog
803,cat.4794.jpg,1.0,cat
804,cat.4820.jpg,1.0,cat
805,cat.4807.jpg,1.0,cat
806,cat.4819.jpg,1.0,cat
807,cat.4790.jpg,1.0,cat
808,cat.4808.jpg,1.0,cat
809,cat.4805.jpg,1.0,cat
810,cat.4817.jpg,1.0,cat
811,cat.4802.jpg,1.0,cat
812,cat.4809.jpg,1.0,cat
813,cat.4815.jpg,1.0,cat
814,cat.4814.jpg,1.0,cat
815,cat.4791.jpg,1.0,cat
816,cat.4813.jpg,1.0,cat
817,cat.4793.jpg,1.0,cat
818,cat.4806.jpg,1.0,cat
819,cat.4816.jpg,1.0,cat
820,cat.4828.jpg,1.0,cat
821,cat.4823.jpg,1.0,cat
822,cat.4827.jpg,1.0,cat
823,cat.4834.jpg,1.0,cat
824,cat.4822.jpg,1.0,cat
825,cat.4831.jpg,1.0,cat
826,cat.4829.jpg,1.0,cat
827,cat.4824.jpg,1.0,cat
828,cat.4832.jpg,1.0,cat
829,cat.4835.jpg,1.0,cat
830,cat.4836.jpg,1.0,cat
831,cat.4826.jpg,1.0,cat
832,cat.4830.jpg,1.0,cat
833,cat.4825.jpg,1.0,cat
834,cat.4833.jpg,1.0,cat
835,cat.4842.jpg,1.0,cat
836,cat.4841.jpg,1.0,cat
837,cat.4851.jpg,1.0,cat
838,cat.4858.jpg,1.0,cat
839,cat.4840.jpg,1.0,cat
840,cat.4854.jpg,1.0,cat
841,cat.4845.jpg,1.0,cat
842,cat.4853.jpg,1.0,cat
843,cat.4852.jpg,1.0,cat
844,cat.4846.jpg,1.0,cat
845,cat.4843.jpg,1.0,cat
846,cat.4844.jpg,1.0,cat
847,cat.4859.jpg,1.0,cat
848,cat.4847.jpg,1.0,cat
849,cat.4838.jpg,1.0,cat
850,cat.4850.jpg,1.0,cat
851,cat.4856.jpg,1.0,cat
852,cat.4839.jpg,1.0,cat
853,cat.4837.jpg,1.0,cat
854,cat.4849.jpg,1.0,cat
855,cat.4848.jpg,1.0,cat
856,cat.4855.jpg,1.0,cat
857,cat.4857.jpg,1.0,cat
858,cat.4868.jpg,1.0,cat
859,cat.4867.jpg,1.0,cat
860,cat.4861.jpg,1.0,cat
861,cat.4871.jpg,1.0,cat
862,cat.4869.jpg,1.0,cat
863,cat.4870.jpg,1.0,cat
864,cat.4860.jpg,1.0,cat
865,cat.4862.jpg,1.0,cat
866,cat.4866.jpg,1.0,cat
867,cat.4865.jpg,1.0,cat
868,cat.4863.jpg,1.0,cat
869,cat.4864.jpg,1.0,cat
870,cat.4888.jpg,1.0,cat
871,cat.4876.jpg,1.0,cat
872,cat.4889.jpg,1.0,cat
873,cat.4885.jpg,1.0,cat
874,cat.4886.jpg,1.0,cat
875,cat.4873.jpg,1.0,cat
876,cat.4872.jpg,1.0,cat
877,cat.4882.jpg,1.0,cat
878,cat.4883.jpg,1.0,cat
879,cat.4880.jpg,1.0,cat
880,cat.4887.jpg,1.0,cat
881,cat.4881.jpg,1.0,cat
882,cat.4874.jpg,1.0,cat
883,cat.4884.jpg,1.0,cat
884,cat.4877.jpg,1.0,cat
885,cat.4878.jpg,1.0,cat
886,cat.4879.jpg,1.0,cat
887,cat.4875.jpg,1.0,cat
888,cat.4897.jpg,1.0,cat
889,cat.4911.jpg,1.0,cat
890,cat.4899.jpg,1.0,cat
891,cat.4892.jpg,1.0,cat
892,cat.4913.jpg,1.0,cat
893,cat.4905.jpg,1.0,cat
894,cat.4921.jpg,1.0,cat
895,cat.4908.jpg,1.0,cat
896,cat.4893.jpg,1.0,cat
897,cat.4909.jpg,1.0,cat
898,cat.4916.jpg,1.0,cat
899,cat.4904.jpg,1.0,cat
900,cat.4902.jpg,1.0,cat
901,cat.4896.jpg,1.0,cat
902,cat.4920.jpg,1.0,cat
903,cat.4894.jpg,1.0,cat
904,cat.4907.jpg,1.0,cat
905,cat.4914.jpg,1.0,cat
906,cat.4917.jpg,1.0,cat
907,cat.4890.jpg,1.0,cat
908,cat.4906.jpg,1.0,cat
909,cat.4898.jpg,1.0,cat
910,cat.4891.jpg,1.0,cat
911,cat.4901.jpg,1.0,cat
912,cat.4910.jpg,1.0,cat
913,cat.4900.jpg,1.0,cat
914,cat.4915.jpg,1.0,cat
915,cat.4903.jpg,1.0,cat
916,cat.4919.jpg,1.0,cat
917,cat.4912.jpg,1.0,cat
918,cat.4918.jpg,1.0,cat
919,cat.4895.jpg,1.0,cat
920,cat.4957.jpg,1.0,cat
921,cat.4945.jpg,1.0,cat
922,cat.4955.jpg,1.0,cat
923,cat.4933.jpg,1.0,cat
924,cat.4947.jpg,1.0,cat
925,cat.4949.jpg,1.0,cat
926,cat.4926.jpg,1.0,cat
927,cat.4950.jpg,1.0,cat
928,cat.4925.jpg,1.0,cat
929,cat.4929.jpg,1.0,cat
930,cat.4943.jpg,0.0,dog
931,cat.4940.jpg,1.0,cat
932,cat.4952.jpg,1.0,cat
933,cat.4944.jpg,1.0,cat
934,cat.4956.jpg,1.0,cat
935,cat.4939.jpg,1.0,cat
936,cat.4923.jpg,1.0,cat
937,cat.4932.jpg,1.0,cat
938,cat.4942.jpg,1.0,cat
939,cat.4948.jpg,1.0,cat
940,cat.4931.jpg,1.0,cat
941,cat.4934.jpg,1.0,cat
942,cat.4928.jpg,1.0,cat
943,cat.4946.jpg,1.0,cat
944,cat.4954.jpg,1.0,cat
945,cat.4922.jpg,1.0,cat
946,cat.4930.jpg,1.0,cat
947,cat.4951.jpg,1.0,cat
948,cat.4941.jpg,1.0,cat
949,cat.4938.jpg,1.0,cat
950,cat.4935.jpg,1.0,cat
951,cat.4937.jpg,1.0,cat
952,cat.4953.jpg,1.0,cat
953,cat.4936.jpg,1.0,cat
954,cat.4927.jpg,1.0,cat
955,cat.4924.jpg,1.0,cat
956,cat.4996.jpg,1.0,cat
957,cat.4970.jpg,1.0,cat
958,cat.4989.jpg,1.0,cat
959,cat.4978.jpg,1.0,cat
960,cat.4966.jpg,1.0,cat
961,cat.4997.jpg,1.0,cat
962,cat.4968.jpg,1.0,cat
963,cat.4998.jpg,1.0,cat
964,cat.4963.jpg,1.0,cat
965,cat.4981.jpg,1.0,cat
966,cat.4961.jpg,1.0,cat
967,cat.4995.jpg,1.0,cat
968,cat.4982.jpg,1.0,cat
969,cat.4994.jpg,1.0,cat
970,cat.4992.jpg,1.0,cat
971,cat.4974.jpg,1.0,cat
972,cat.4983.jpg,1.0,cat
973,cat.4972.jpg,1.0,cat
974,cat.4971.jpg,1.0,cat
975,cat.4965.jpg,1.0,cat
976,cat.4991.jpg,1.0,cat
977,cat.4973.jpg,1.0,cat
978,cat.4967.jpg,1.0,cat
979,cat.4959.jpg,1.0,cat
980,cat.4984.jpg,1.0,cat
981,cat.4993.jpg,1.0,cat
982,cat.4988.jpg,1.0,cat
983,cat.4977.jpg,1.0,cat
984,cat.4975.jpg,1.0,cat
985,cat.4964.jpg,1.0,cat
986,cat.4990.jpg,1.0,cat
987,cat.4969.jpg,0.0,dog
988,cat.4976.jpg,1.0,cat
989,cat.4985.jpg,1.0,cat
990,cat.4980.jpg,1.0,cat
991,cat.4987.jpg,1.0,cat
992,cat.4962.jpg,1.0,cat
993,cat.4960.jpg,1.0,cat
994,cat.4958.jpg,1.0,cat
995,cat.4979.jpg,1.0,cat
996,cat.4986.jpg,1.0,cat
997,cat.4999.jpg,1.0,cat
998,cat.5000.jpg,1.0,cat
999,cat.4019.jpg,1.0,cat
1000,cat.4001.jpg,1.0,cat
1001,cat.4010.jpg,1.0,cat
1002,cat.4004.jpg,1.0,cat
1003,cat.4002.jpg,1.0,cat
1004,cat.4013.jpg,1.0,cat
1005,cat.4011.jpg,1.0,cat
1006,cat.4017.jpg,1.0,cat
1007,cat.4007.jpg,1.0,cat
1008,cat.4023.jpg,1.0,cat
1009,cat.4003.jpg,1.0,cat
1010,cat.4012.jpg,1.0,cat
0,dog.4012.jpg,1.0,dog
1,dog.4003.jpg,1.0,dog
2,dog.4032.jpg,1.0,dog
3,dog.4026.jpg,1.0,dog
4,dog.4002.jpg,1.0,dog
5,dog.4023.jpg,1.0,dog
6,dog.4004.jpg,1.0,dog
7,dog.4020.jpg,1.0,dog
8,dog.4014.jpg,1.0,dog
9,dog.4008.jpg,1.0,dog
10,dog.4001.jpg,1.0,dog
11,dog.4018.jpg,1.0,dog
12,dog.4005.jpg,1.0,dog
13,dog.4027.jpg,1.0,dog
14,dog.4029.jpg,1.0,dog
15,dog.4011.jpg,1.0,dog
16,dog.4010.jpg,1.0,dog
17,dog.4019.jpg,1.0,dog
18,dog.4015.jpg,1.0,dog
19,dog.4034.jpg,1.0,dog
20,dog.4037.jpg,1.0,dog
21,dog.4054.jpg,1.0,dog
22,dog.4044.jpg,1.0,dog
23,dog.4048.jpg,1.0,dog
24,dog.4050.jpg,1.0,dog
25,dog.4049.jpg,1.0,dog
26,dog.4066.jpg,1.0,dog
27,dog.4038.jpg,1.0,dog
28,dog.4035.jpg,1.0,dog
29,dog.4058.jpg,1.0,dog
30,dog.4040.jpg,1.0,dog
31,dog.4051.jpg,1.0,dog
32,dog.4042.jpg,1.0,dog
33,dog.4055.jpg,1.0,dog
34,dog.4064.jpg,1.0,dog
35,dog.4045.jpg,1.0,dog
36,dog.4033.jpg,1.0,dog
37,dog.4063.jpg,1.0,dog
38,dog.4056.jpg,1.0,dog
39,dog.4060.jpg,1.0,dog
40,dog.4047.jpg,1.0,dog
41,dog.4046.jpg,1.0,dog
42,dog.4052.jpg,1.0,dog
43,dog.4062.jpg,1.0,dog
44,dog.4061.jpg,1.0,dog
45,dog.4053.jpg,1.0,dog
46,dog.4065.jpg,1.0,dog
47,dog.4036.jpg,1.0,dog
48,dog.4041.jpg,1.0,dog
49,dog.4043.jpg,1.0,dog
50,dog.4059.jpg,1.0,dog
51,dog.4039.jpg,1.0,dog
52,dog.4057.jpg,1.0,dog
53,dog.4078.jpg,1.0,dog
54,dog.4068.jpg,1.0,dog
55,dog.4067.jpg,1.0,dog
56,dog.4079.jpg,1.0,dog
57,dog.4071.jpg,1.0,dog
58,dog.4069.jpg,1.0,dog
59,dog.4075.jpg,1.0,dog
60,dog.4074.jpg,1.0,dog
61,dog.4072.jpg,1.0,dog
62,dog.4076.jpg,1.0,dog
63,dog.4070.jpg,1.0,dog
64,dog.4077.jpg,1.0,dog
65,dog.4073.jpg,1.0,dog
66,dog.4097.jpg,1.0,dog
67,dog.4108.jpg,1.0,dog
68,dog.4093.jpg,1.0,dog
69,dog.4082.jpg,1.0,dog
70,dog.4102.jpg,1.0,dog
71,dog.4109.jpg,1.0,dog
72,dog.4095.jpg,1.0,dog
73,dog.4085.jpg,1.0,dog
74,dog.4089.jpg,1.0,dog
75,dog.4086.jpg,1.0,dog
76,dog.4096.jpg,1.0,dog
77,dog.4104.jpg,1.0,dog
78,dog.4099.jpg,1.0,dog
79,dog.4084.jpg,1.0,dog
80,dog.4088.jpg,1.0,dog
81,dog.4083.jpg,1.0,dog
82,dog.4107.jpg,1.0,dog
83,dog.4081.jpg,1.0,dog
84,dog.4100.jpg,1.0,dog
85,dog.4094.jpg,1.0,dog
86,dog.4112.jpg,1.0,dog
87,dog.4090.jpg,1.0,dog
88,dog.4111.jpg,1.0,dog
89,dog.4113.jpg,1.0,dog
90,dog.4098.jpg,1.0,dog
91,dog.4080.jpg,1.0,dog
92,dog.4092.jpg,1.0,dog
93,dog.4087.jpg,1.0,dog
94,dog.4091.jpg,1.0,dog
95,dog.4106.jpg,1.0,dog
96,dog.4101.jpg,1.0,dog
97,dog.4105.jpg,1.0,dog
98,dog.4110.jpg,1.0,dog
99,dog.4103.jpg,1.0,dog
100,dog.4115.jpg,1.0,dog
101,dog.4141.jpg,1.0,dog
102,dog.4142.jpg,1.0,dog
103,dog.4132.jpg,1.0,dog
104,dog.4136.jpg,1.0,dog
105,dog.4130.jpg,1.0,dog
106,dog.4125.jpg,1.0,dog
107,dog.4116.jpg,1.0,dog
108,dog.4121.jpg,1.0,dog
109,dog.4129.jpg,1.0,dog
110,dog.4135.jpg,1.0,dog
111,dog.4114.jpg,1.0,dog
112,dog.4124.jpg,1.0,dog
113,dog.4123.jpg,1.0,dog
114,dog.4134.jpg,1.0,dog
115,dog.4120.jpg,1.0,dog
116,dog.4126.jpg,1.0,dog
117,dog.4118.jpg,1.0,dog
118,dog.4133.jpg,1.0,dog
119,dog.4128.jpg,1.0,dog
120,dog.4122.jpg,1.0,dog
121,dog.4137.jpg,1.0,dog
122,dog.4119.jpg,1.0,dog
123,dog.4131.jpg,1.0,dog
124,dog.4139.jpg,1.0,dog
125,dog.4140.jpg,1.0,dog
126,dog.4127.jpg,1.0,dog
127,dog.4138.jpg,1.0,dog
128,dog.4117.jpg,1.0,dog
129,dog.4165.jpg,1.0,dog
130,dog.4145.jpg,1.0,dog
131,dog.4175.jpg,1.0,dog
132,dog.4158.jpg,1.0,dog
133,dog.4152.jpg,1.0,dog
134,dog.4167.jpg,1.0,dog
135,dog.4156.jpg,1.0,dog
136,dog.4168.jpg,1.0,dog
137,dog.4144.jpg,1.0,dog
138,dog.4164.jpg,1.0,dog
139,dog.4159(1).jpg,1.0,dog
140,dog.4173.jpg,1.0,dog
141,dog.4166.jpg,1.0,dog
142,dog.4170.jpg,1.0,dog
143,dog.4177.jpg,1.0,dog
144,dog.4157.jpg,1.0,dog
145,dog.4165(1).jpg,1.0,dog
146,dog.4163.jpg,1.0,dog
147,dog.4171(1).jpg,1.0,dog
148,dog.4155.jpg,1.0,dog
149,dog.4171.jpg,1.0,dog
150,dog.4172.jpg,1.0,dog
151,dog.4146.jpg,1.0,dog
152,dog.4160.jpg,1.0,dog
153,dog.4143.jpg,1.0,dog
154,dog.4148.jpg,1.0,dog
155,dog.4149.jpg,1.0,dog
156,dog.4174.jpg,1.0,dog
157,dog.4147.jpg,1.0,dog
158,dog.4169.jpg,1.0,dog
159,dog.4176.jpg,1.0,dog
160,dog.4161.jpg,1.0,dog
161,dog.4154.jpg,1.0,dog
162,dog.4151.jpg,1.0,dog
163,dog.4162.jpg,1.0,dog
164,dog.4159.jpg,1.0,dog
165,dog.4150.jpg,1.0,dog
166,dog.4153.jpg,1.0,dog
167,dog.4202.jpg,1.0,dog
168,dog.4187.jpg,1.0,dog
169,dog.4207.jpg,1.0,dog
170,dog.4203.jpg,1.0,dog
171,dog.4186.jpg,1.0,dog
172,dog.4189.jpg,1.0,dog
173,dog.4206.jpg,1.0,dog
174,dog.4192.jpg,1.0,dog
175,dog.4183.jpg,1.0,dog
176,dog.4193.jpg,1.0,dog
177,dog.4209.jpg,1.0,dog
178,dog.4199.jpg,1.0,dog
179,dog.4181.jpg,1.0,dog
180,dog.4205(1).jpg,1.0,dog
181,dog.4198.jpg,1.0,dog
182,dog.4213.jpg,1.0,dog
183,dog.4178.jpg,1.0,dog
184,dog.4201.jpg,1.0,dog
185,dog.4210.jpg,1.0,dog
186,dog.4184.jpg,1.0,dog
187,dog.4190.jpg,1.0,dog
188,dog.4185.jpg,1.0,dog
189,dog.4182.jpg,1.0,dog
190,dog.4188.jpg,1.0,dog
191,dog.4180.jpg,1.0,dog
192,dog.4205.jpg,1.0,dog
193,dog.4204.jpg,1.0,dog
194,dog.4194.jpg,1.0,dog
195,dog.4211.jpg,1.0,dog
196,dog.4196.jpg,1.0,dog
197,dog.4191.jpg,1.0,dog
198,dog.4208.jpg,1.0,dog
199,dog.4195.jpg,1.0,dog
200,dog.4212.jpg,1.0,dog
201,dog.4200.jpg,1.0,dog
202,dog.4197.jpg,1.0,dog
203,dog.4179.jpg,1.0,dog
204,dog.4247.jpg,1.0,dog
205,dog.4244.jpg,1.0,dog
206,dog.4250.jpg,1.0,dog
207,dog.4239.jpg,1.0,dog
208,dog.4233.jpg,1.0,dog
209,dog.4253.jpg,1.0,dog
210,dog.4238.jpg,1.0,dog
211,dog.4217.jpg,1.0,dog
212,dog.4219.jpg,1.0,dog
213,dog.4224.jpg,1.0,dog
214,dog.4231.jpg,1.0,dog
215,dog.4215.jpg,1.0,dog
216,dog.4223.jpg,1.0,dog
217,dog.4232.jpg,1.0,dog
218,dog.4214.jpg,1.0,dog
219,dog.4249.jpg,1.0,dog
220,dog.4229.jpg,1.0,dog
221,dog.4243.jpg,1.0,dog
222,dog.4227.jpg,1.0,dog
223,dog.4216.jpg,1.0,dog
224,dog.4220.jpg,1.0,dog
225,dog.4235.jpg,1.0,dog
226,dog.4240.jpg,1.0,dog
227,dog.4248.jpg,1.0,dog
228,dog.4230.jpg,1.0,dog
229,dog.4225.jpg,1.0,dog
230,dog.4252.jpg,1.0,dog
231,dog.4245.jpg,1.0,dog
232,dog.4234.jpg,1.0,dog
233,dog.4242.jpg,1.0,dog
234,dog.4228.jpg,1.0,dog
235,dog.4218.jpg,1.0,dog
236,dog.4246.jpg,1.0,dog
237,dog.4237.jpg,1.0,dog
238,dog.4221.jpg,1.0,dog
239,dog.4222.jpg,1.0,dog
240,dog.4226.jpg,1.0,dog
241,dog.4241.jpg,1.0,dog
242,dog.4251.jpg,1.0,dog
243,dog.4236.jpg,1.0,dog
244,dog.4267.jpg,1.0,dog
245,dog.4272.jpg,1.0,dog
246,dog.4273.jpg,1.0,dog
247,dog.4259.jpg,1.0,dog
248,dog.4266.jpg,1.0,dog
249,dog.4276.jpg,1.0,dog
250,dog.4274.jpg,1.0,dog
251,dog.4279.jpg,1.0,dog
252,dog.4258.jpg,1.0,dog
253,dog.4261.jpg,1.0,dog
254,dog.4264.jpg,1.0,dog
255,dog.4265.jpg,1.0,dog
256,dog.4260.jpg,1.0,dog
257,dog.4254.jpg,1.0,dog
258,dog.4280.jpg,1.0,dog
259,dog.4277.jpg,1.0,dog
260,dog.4270.jpg,1.0,dog
261,dog.4271.jpg,1.0,dog
262,dog.4255.jpg,1.0,dog
263,dog.4275.jpg,1.0,dog
264,dog.4268.jpg,1.0,dog
265,dog.4256.jpg,1.0,dog
266,dog.4262.jpg,1.0,dog
267,dog.4263.jpg,1.0,dog
268,dog.4269.jpg,1.0,dog
269,dog.4257.jpg,1.0,dog
270,dog.4278.jpg,1.0,dog
271,dog.4294.jpg,1.0,dog
272,dog.4285.jpg,1.0,dog
273,dog.4298.jpg,1.0,dog
274,dog.4286.jpg,1.0,dog
275,dog.4299.jpg,1.0,dog
276,dog.4295.jpg,1.0,dog
277,dog.4297.jpg,1.0,dog
278,dog.4290.jpg,1.0,dog
279,dog.4283.jpg,1.0,dog
280,dog.4296.jpg,1.0,dog
281,dog.4282.jpg,1.0,dog
282,dog.4291.jpg,1.0,dog
283,dog.4293.jpg,1.0,dog
284,dog.4292.jpg,1.0,dog
285,dog.4287.jpg,1.0,dog
286,dog.4289.jpg,1.0,dog
287,dog.4284.jpg,1.0,dog
288,dog.4288.jpg,1.0,dog
289,dog.4281.jpg,1.0,dog
290,dog.4315.jpg,1.0,dog
291,dog.4317.jpg,1.0,dog
292,dog.4322.jpg,1.0,dog
293,dog.4305.jpg,0.0,cat
294,dog.4328.jpg,1.0,dog
295,dog.4304.jpg,1.0,dog
296,dog.4324.jpg,1.0,dog
297,dog.4306.jpg,1.0,dog
298,dog.4303.jpg,1.0,dog
299,dog.4318.jpg,1.0,dog
300,dog.4316.jpg,1.0,dog
301,dog.4310.jpg,1.0,dog
302,dog.4323.jpg,1.0,dog
303,dog.4325.jpg,1.0,dog
304,dog.4314.jpg,1.0,dog
305,dog.4307.jpg,1.0,dog
306,dog.4301.jpg,1.0,dog
307,dog.4330.jpg,1.0,dog
308,dog.4312.jpg,1.0,dog
309,dog.4300.jpg,1.0,dog
310,dog.4326.jpg,1.0,dog
311,dog.4309.jpg,1.0,dog
312,dog.4302.jpg,1.0,dog
313,dog.4308.jpg,1.0,dog
314,dog.4313.jpg,1.0,dog
315,dog.4321.jpg,1.0,dog
316,dog.4311.jpg,1.0,dog
317,dog.4327.jpg,1.0,dog
318,dog.4320.jpg,1.0,dog
319,dog.4329.jpg,1.0,dog
320,dog.4319.jpg,1.0,dog
321,dog.4349.jpg,1.0,dog
322,dog.4353.jpg,1.0,dog
323,dog.4338.jpg,1.0,dog
324,dog.4362.jpg,1.0,dog
325,dog.4363.jpg,1.0,dog
326,dog.4341.jpg,1.0,dog
327,dog.4342.jpg,1.0,dog
328,dog.4364.jpg,1.0,dog
329,dog.4357.jpg,1.0,dog
330,dog.4332.jpg,1.0,dog
331,dog.4346.jpg,1.0,dog
332,dog.4340.jpg,1.0,dog
333,dog.4360.jpg,1.0,dog
334,dog.4361.jpg,1.0,dog
335,dog.4355.jpg,1.0,dog
336,dog.4339.jpg,1.0,dog
337,dog.4356.jpg,1.0,dog
338,dog.4359.jpg,1.0,dog
339,dog.4354.jpg,1.0,dog
340,dog.4335.jpg,1.0,dog
341,dog.4348.jpg,1.0,dog
342,dog.4350.jpg,1.0,dog
343,dog.4345.jpg,1.0,dog
344,dog.4331.jpg,1.0,dog
345,dog.4358.jpg,1.0,dog
346,dog.4337.jpg,1.0,dog
347,dog.4351.jpg,1.0,dog
348,dog.4366.jpg,1.0,dog
349,dog.4352.jpg,1.0,dog
350,dog.4333.jpg,1.0,dog
351,dog.4344.jpg,1.0,dog
352,dog.4336.jpg,1.0,dog
353,dog.4343.jpg,1.0,dog
354,dog.4347.jpg,1.0,dog
355,dog.4334.jpg,1.0,dog
356,dog.4365.jpg,1.0,dog
357,dog.4387.jpg,1.0,dog
358,dog.4367.jpg,1.0,dog
359,dog.4398.jpg,1.0,dog
360,dog.4384.jpg,1.0,dog
361,dog.4377.jpg,1.0,dog
362,dog.4379.jpg,1.0,dog
363,dog.4373.jpg,1.0,dog
364,dog.4372.jpg,1.0,dog
365,dog.4375.jpg,1.0,dog
366,dog.4380.jpg,1.0,dog
367,dog.4392.jpg,1.0,dog
368,dog.4370.jpg,1.0,dog
369,dog.4386.jpg,1.0,dog
370,dog.4369.jpg,1.0,dog
371,dog.4383.jpg,1.0,dog
372,dog.4385.jpg,1.0,dog
373,dog.4373(1).jpg,1.0,dog
374,dog.4397.jpg,1.0,dog
375,dog.4376.jpg,1.0,dog
376,dog.4371.jpg,1.0,dog
377,dog.4395.jpg,1.0,dog
378,dog.4389.jpg,1.0,dog
379,dog.4394.jpg,1.0,dog
380,dog.4388.jpg,1.0,dog
381,dog.4368.jpg,1.0,dog
382,dog.4382.jpg,1.0,dog
383,dog.4390.jpg,1.0,dog
384,dog.4381.jpg,1.0,dog
385,dog.4378.jpg,1.0,dog
386,dog.4374.jpg,1.0,dog
387,dog.4393.jpg,1.0,dog
388,dog.4391.jpg,1.0,dog
389,dog.4396.jpg,1.0,dog
390,dog.4417.jpg,1.0,dog
391,dog.4408.jpg,1.0,dog
392,dog.4409.jpg,1.0,dog
393,dog.4427.jpg,1.0,dog
394,dog.4424.jpg,1.0,dog
395,dog.4399.jpg,1.0,dog
396,dog.4429(1).jpg,1.0,dog
397,dog.4426.jpg,1.0,dog
398,dog.4410.jpg,1.0,dog
399,dog.4401.jpg,1.0,dog
400,dog.4421.jpg,1.0,dog
401,dog.4413.jpg,1.0,dog
402,dog.4404.jpg,1.0,dog
403,dog.4429.jpg,1.0,dog
404,dog.4422.jpg,1.0,dog
405,dog.4423.jpg,1.0,dog
406,dog.4415.jpg,1.0,dog
407,dog.4419.jpg,1.0,dog
408,dog.4402.jpg,1.0,dog
409,dog.4403.jpg,1.0,dog
410,dog.4400.jpg,1.0,dog
411,dog.4425.jpg,1.0,dog
412,dog.4416.jpg,1.0,dog
413,dog.4414.jpg,1.0,dog
414,dog.4411.jpg,1.0,dog
415,dog.4418.jpg,1.0,dog
416,dog.4420.jpg,1.0,dog
417,dog.4412.jpg,1.0,dog
418,dog.4428.jpg,1.0,dog
419,dog.4406.jpg,1.0,dog
420,dog.4405.jpg,1.0,dog
421,dog.4407.jpg,1.0,dog
422,dog.4464.jpg,1.0,dog
423,dog.4430.jpg,1.0,dog
424,dog.4458.jpg,1.0,dog
425,dog.4432.jpg,1.0,dog
426,dog.4441.jpg,1.0,dog
427,dog.4443.jpg,1.0,dog
428,dog.4449.jpg,1.0,dog
429,dog.4446.jpg,1.0,dog
430,dog.4452.jpg,1.0,dog
431,dog.4438.jpg,1.0,dog
432,dog.4435.jpg,1.0,dog
433,dog.4448.jpg,1.0,dog
434,dog.4466.jpg,1.0,dog
435,dog.4434.jpg,1.0,dog
436,dog.4436.jpg,1.0,dog
437,dog.4447.jpg,1.0,dog
438,dog.4437.jpg,1.0,dog
439,dog.4450.jpg,1.0,dog
440,dog.4439.jpg,1.0,dog
441,dog.4462.jpg,1.0,dog
442,dog.4444.jpg,1.0,dog
443,dog.4465.jpg,1.0,dog
444,dog.4454.jpg,1.0,dog
445,dog.4451.jpg,1.0,dog
446,dog.4461.jpg,1.0,dog
447,dog.4463.jpg,1.0,dog
448,dog.4455.jpg,1.0,dog
449,dog.4457.jpg,1.0,dog
450,dog.4445.jpg,1.0,dog
451,dog.4460.jpg,1.0,dog
452,dog.4459.jpg,1.0,dog
453,dog.4456.jpg,1.0,dog
454,dog.4440.jpg,1.0,dog
455,dog.4442.jpg,1.0,dog
456,dog.4433.jpg,1.0,dog
457,dog.4453.jpg,1.0,dog
458,dog.4431.jpg,1.0,dog
459,dog.4488.jpg,1.0,dog
460,dog.4475.jpg,1.0,dog
461,dog.4485.jpg,1.0,dog
462,dog.4496.jpg,1.0,dog
463,dog.4500.jpg,1.0,dog
464,dog.4469.jpg,1.0,dog
465,dog.4486.jpg,1.0,dog
466,dog.4468.jpg,1.0,dog
467,dog.4482.jpg,1.0,dog
468,dog.4477.jpg,1.0,dog
469,dog.4480.jpg,1.0,dog
470,dog.4484.jpg,1.0,dog
471,dog.4471.jpg,1.0,dog
472,dog.4478.jpg,1.0,dog
473,dog.4497.jpg,1.0,dog
474,dog.4493.jpg,1.0,dog
475,dog.4499.jpg,1.0,dog
476,dog.4498.jpg,1.0,dog
477,dog.4495.jpg,1.0,dog
478,dog.4483.jpg,1.0,dog
479,dog.4472.jpg,1.0,dog
480,dog.4479.jpg,1.0,dog
481,dog.4489.jpg,1.0,dog
482,dog.4487.jpg,1.0,dog
483,dog.4491.jpg,1.0,dog
484,dog.4473.jpg,1.0,dog
485,dog.4476.jpg,1.0,dog
486,dog.4490.jpg,1.0,dog
487,dog.4467.jpg,1.0,dog
488,dog.4474.jpg,1.0,dog
489,dog.4481.jpg,1.0,dog
490,dog.4470.jpg,1.0,dog
491,dog.4492.jpg,1.0,dog
492,dog.4494.jpg,1.0,dog
493,dog.4516.jpg,1.0,dog
494,dog.4507.jpg,1.0,dog
495,dog.4519.jpg,1.0,dog
496,dog.4540.jpg,1.0,dog
497,dog.4539.jpg,1.0,dog
498,dog.4515.jpg,1.0,dog
499,dog.4527.jpg,1.0,dog
500,dog.4536.jpg,1.0,dog
501,dog.4535.jpg,1.0,dog
502,dog.4510.jpg,1.0,dog
503,dog.4509.jpg,1.0,dog
504,dog.4531.jpg,1.0,dog
505,dog.4538.jpg,1.0,dog
506,dog.4524.jpg,1.0,dog
507,dog.4520.jpg,1.0,dog
508,dog.4533.jpg,1.0,dog
509,dog.4503.jpg,1.0,dog
510,dog.4508.jpg,1.0,dog
511,dog.4537.jpg,1.0,dog
512,dog.4512.jpg,1.0,dog
513,dog.4514.jpg,1.0,dog
514,dog.4517.jpg,1.0,dog
515,dog.4534.jpg,1.0,dog
516,dog.4504.jpg,1.0,dog
517,dog.4528.jpg,1.0,dog
518,dog.4530.jpg,1.0,dog
519,dog.4541.jpg,1.0,dog
520,dog.4502.jpg,1.0,dog
521,dog.4529.jpg,1.0,dog
522,dog.4513.jpg,1.0,dog
523,dog.4522.jpg,1.0,dog
524,dog.4532.jpg,1.0,dog
525,dog.4518.jpg,1.0,dog
526,dog.4501.jpg,1.0,dog
527,dog.4511.jpg,1.0,dog
528,dog.4505.jpg,1.0,dog
529,dog.4525.jpg,1.0,dog
530,dog.4521.jpg,1.0,dog
531,dog.4506.jpg,1.0,dog
532,dog.4523.jpg,1.0,dog
533,dog.4526.jpg,1.0,dog
534,dog.4553.jpg,1.0,dog
535,dog.4554.jpg,1.0,dog
536,dog.4547.jpg,1.0,dog
537,dog.4556.jpg,1.0,dog
538,dog.4549.jpg,1.0,dog
539,dog.4543.jpg,1.0,dog
540,dog.4574.jpg,1.0,dog
541,dog.4563.jpg,1.0,dog
542,dog.4566.jpg,1.0,dog
543,dog.4542.jpg,1.0,dog
544,dog.4568.jpg,1.0,dog
545,dog.4569.jpg,1.0,dog
546,dog.4559.jpg,1.0,dog
547,dog.4544.jpg,1.0,dog
548,dog.4545.jpg,1.0,dog
549,dog.4563(1).jpg,1.0,dog
550,dog.4560.jpg,1.0,dog
551,dog.4570.jpg,1.0,dog
552,dog.4557.jpg,1.0,dog
553,dog.4551.jpg,1.0,dog
554,dog.4561.jpg,1.0,dog
555,dog.4571.jpg,1.0,dog
556,dog.4550.jpg,1.0,dog
557,dog.4565.jpg,1.0,dog
558,dog.4548.jpg,1.0,dog
559,dog.4555.jpg,1.0,dog
560,dog.4567.jpg,1.0,dog
561,dog.4564.jpg,1.0,dog
562,dog.4558.jpg,1.0,dog
563,dog.4562.jpg,1.0,dog
564,dog.4552.jpg,1.0,dog
565,dog.4573.jpg,1.0,dog
566,dog.4572.jpg,1.0,dog
567,dog.4546.jpg,1.0,dog
568,dog.4585.jpg,1.0,dog
569,dog.4583.jpg,1.0,dog
570,dog.4588.jpg,1.0,dog
571,dog.4597.jpg,1.0,dog
572,dog.4594.jpg,1.0,dog
573,dog.4576.jpg,1.0,dog
574,dog.4579.jpg,1.0,dog
575,dog.4578.jpg,1.0,dog
576,dog.4587.jpg,1.0,dog
577,dog.4593.jpg,1.0,dog
578,dog.4589.jpg,1.0,dog
579,dog.4581.jpg,1.0,dog
580,dog.4586.jpg,1.0,dog
581,dog.4575.jpg,1.0,dog
582,dog.4591.jpg,1.0,dog
583,dog.4584.jpg,1.0,dog
584,dog.4590.jpg,1.0,dog
585,dog.4582.jpg,1.0,dog
586,dog.4595.jpg,1.0,dog
587,dog.4596.jpg,1.0,dog
588,dog.4592.jpg,1.0,dog
589,dog.4577.jpg,1.0,dog
590,dog.4580.jpg,1.0,dog
591,dog.4610.jpg,1.0,dog
592,dog.4608.jpg,1.0,dog
593,dog.4611.jpg,1.0,dog
594,dog.4599.jpg,1.0,dog
595,dog.4616.jpg,1.0,dog
596,dog.4609.jpg,1.0,dog
597,dog.4605.jpg,1.0,dog
598,dog.4604.jpg,1.0,dog
599,dog.4602.jpg,1.0,dog
600,dog.4607.jpg,1.0,dog
601,dog.4598.jpg,1.0,dog
602,dog.4612.jpg,1.0,dog
603,dog.4603.jpg,1.0,dog
604,dog.4613.jpg,1.0,dog
605,dog.4601.jpg,1.0,dog
606,dog.4603(1).jpg,1.0,dog
607,dog.4619.jpg,1.0,dog
608,dog.4606.jpg,1.0,dog
609,dog.4617(1).jpg,1.0,dog
610,dog.4614.jpg,1.0,dog
611,dog.4620.jpg,1.0,dog
612,dog.4618.jpg,1.0,dog
613,dog.4600.jpg,1.0,dog
614,dog.4617.jpg,1.0,dog
615,dog.4615.jpg,1.0,dog
616,dog.4621.jpg,1.0,dog
617,dog.4622.jpg,1.0,dog
618,dog.4646.jpg,1.0,dog
619,dog.4626.jpg,1.0,dog
620,dog.4647.jpg,1.0,dog
621,dog.4623.jpg,1.0,dog
622,dog.4628.jpg,1.0,dog
623,dog.4650.jpg,1.0,dog
624,dog.4630.jpg,1.0,dog
625,dog.4636.jpg,1.0,dog
626,dog.4640.jpg,1.0,dog
627,dog.4645.jpg,1.0,dog
628,dog.4644.jpg,1.0,dog
629,dog.4624.jpg,1.0,dog
630,dog.4655.jpg,1.0,dog
631,dog.4652.jpg,1.0,dog
632,dog.4632.jpg,1.0,dog
633,dog.4651.jpg,1.0,dog
634,dog.4643.jpg,1.0,dog
635,dog.4629.jpg,1.0,dog
636,dog.4653.jpg,1.0,dog
637,dog.4635.jpg,1.0,dog
638,dog.4649.jpg,1.0,dog
639,dog.4654.jpg,1.0,dog
640,dog.4631.jpg,1.0,dog
641,dog.4639.jpg,1.0,dog
642,dog.4642.jpg,1.0,dog
643,dog.4627.jpg,1.0,dog
644,dog.4641.jpg,1.0,dog
645,dog.4634.jpg,1.0,dog
646,dog.4633.jpg,1.0,dog
647,dog.4638.jpg,1.0,dog
648,dog.4625.jpg,1.0,dog
649,dog.4648.jpg,1.0,dog
650,dog.4637.jpg,1.0,dog
651,dog.4662.jpg,1.0,dog
652,dog.4657.jpg,1.0,dog
653,dog.4665.jpg,1.0,dog
654,dog.4666.jpg,1.0,dog
655,dog.4663.jpg,1.0,dog
656,dog.4664.jpg,1.0,dog
657,dog.4661.jpg,1.0,dog
658,dog.4659.jpg,1.0,dog
659,dog.4667.jpg,1.0,dog
660,dog.4656.jpg,1.0,dog
661,dog.4660.jpg,1.0,dog
662,dog.4658.jpg,1.0,dog
663,dog.4671.jpg,1.0,dog
664,dog.4670.jpg,1.0,dog
665,dog.4682.jpg,1.0,dog
666,dog.4698.jpg,1.0,dog
667,dog.4679.jpg,1.0,dog
668,dog.4685.jpg,1.0,dog
669,dog.4697.jpg,1.0,dog
670,dog.4675.jpg,1.0,dog
671,dog.4668.jpg,1.0,dog
672,dog.4691.jpg,1.0,dog
673,dog.4669.jpg,1.0,dog
674,dog.4683.jpg,1.0,dog
675,dog.4695.jpg,1.0,dog
676,dog.4681.jpg,1.0,dog
677,dog.4677.jpg,1.0,dog
678,dog.4684.jpg,1.0,dog
679,dog.4689.jpg,1.0,dog
680,dog.4693.jpg,1.0,dog
681,dog.4696.jpg,1.0,dog
682,dog.4688.jpg,1.0,dog
683,dog.4699.jpg,1.0,dog
684,dog.4676.jpg,1.0,dog
685,dog.4678.jpg,1.0,dog
686,dog.4690.jpg,1.0,dog
687,dog.4673.jpg,1.0,dog
688,dog.4694.jpg,1.0,dog
689,dog.4674.jpg,1.0,dog
690,dog.4687.jpg,1.0,dog
691,dog.4672.jpg,1.0,dog
692,dog.4680.jpg,1.0,dog
693,dog.4692.jpg,1.0,dog
694,dog.4686.jpg,1.0,dog
695,dog.4717.jpg,1.0,dog
696,dog.4710.jpg,1.0,dog
697,dog.4713.jpg,1.0,dog
698,dog.4707.jpg,1.0,dog
699,dog.4709.jpg,1.0,dog
700,dog.4711.jpg,1.0,dog
701,dog.4705.jpg,1.0,dog
702,dog.4715.jpg,1.0,dog
703,dog.4702.jpg,1.0,dog
704,dog.4701.jpg,1.0,dog
705,dog.4706.jpg,1.0,dog
706,dog.4714.jpg,1.0,dog
707,dog.4708.jpg,1.0,dog
708,dog.4712.jpg,1.0,dog
709,dog.4703.jpg,1.0,dog
710,dog.4704.jpg,1.0,dog
711,dog.4718.jpg,1.0,dog
712,dog.4700.jpg,1.0,dog
713,dog.4716.jpg,1.0,dog
714,dog.4746.jpg,1.0,dog
715,dog.4731.jpg,1.0,dog
716,dog.4733.jpg,1.0,dog
717,dog.4743.jpg,1.0,dog
718,dog.4729.jpg,1.0,dog
719,dog.4741.jpg,1.0,dog
720,dog.4740.jpg,1.0,dog
721,dog.4722.jpg,1.0,dog
722,dog.4730.jpg,1.0,dog
723,dog.4734.jpg,1.0,dog
724,dog.4742.jpg,1.0,dog
725,dog.4719.jpg,1.0,dog
726,dog.4725.jpg,1.0,dog
727,dog.4723.jpg,1.0,dog
728,dog.4744.jpg,1.0,dog
729,dog.4745.jpg,1.0,dog
730,dog.4738.jpg,1.0,dog
731,dog.4728.jpg,1.0,dog
732,dog.4720.jpg,1.0,dog
733,dog.4732.jpg,1.0,dog
734,dog.4724.jpg,1.0,dog
735,dog.4727.jpg,1.0,dog
736,dog.4726.jpg,1.0,dog
737,dog.4721.jpg,1.0,dog
738,dog.4739.jpg,1.0,dog
739,dog.4735.jpg,1.0,dog
740,dog.4737.jpg,1.0,dog
741,dog.4736.jpg,1.0,dog
742,dog.4751.jpg,1.0,dog
743,dog.4749.jpg,1.0,dog
744,dog.4747.jpg,1.0,dog
745,dog.4748.jpg,1.0,dog
746,dog.4752.jpg,1.0,dog
747,dog.4750.jpg,1.0,dog
748,dog.4786.jpg,1.0,dog
749,dog.4785.jpg,1.0,dog
750,dog.4784.jpg,1.0,dog
751,dog.4758.jpg,1.0,dog
752,dog.4766.jpg,1.0,dog
753,dog.4778.jpg,1.0,dog
754,dog.4772.jpg,1.0,dog
755,dog.4790.jpg,1.0,dog
756,dog.4769.jpg,1.0,dog
757,dog.4768.jpg,1.0,dog
758,dog.4761.jpg,1.0,dog
759,dog.4765.jpg,1.0,dog
760,dog.4762.jpg,1.0,dog
761,dog.4776.jpg,1.0,dog
762,dog.4775.jpg,1.0,dog
763,dog.4779.jpg,1.0,dog
764,dog.4780.jpg,1.0,dog
765,dog.4771.jpg,1.0,dog
766,dog.4759.jpg,1.0,dog
767,dog.4781.jpg,1.0,dog
768,dog.4763.jpg,1.0,dog
769,dog.4764.jpg,1.0,dog
770,dog.4774.jpg,1.0,dog
771,dog.4788.jpg,1.0,dog
772,dog.4754.jpg,1.0,dog
773,dog.4792.jpg,1.0,dog
774,dog.4793.jpg,1.0,dog
775,dog.4753.jpg,1.0,dog
776,dog.4787.jpg,1.0,dog
777,dog.4789.jpg,1.0,dog
778,dog.4783.jpg,1.0,dog
779,dog.4791.jpg,1.0,dog
780,dog.4756.jpg,1.0,dog
781,dog.4773.jpg,1.0,dog
782,dog.4767.jpg,1.0,dog
783,dog.4757.jpg,1.0,dog
784,dog.4777.jpg,1.0,dog
785,dog.4782.jpg,1.0,dog
786,dog.4760.jpg,1.0,dog
787,dog.4770.jpg,1.0,dog
788,dog.4755.jpg,1.0,dog
789,dog.4809.jpg,1.0,dog
790,dog.4818.jpg,1.0,dog
791,dog.4812.jpg,1.0,dog
792,dog.4817.jpg,1.0,dog
793,dog.4823.jpg,1.0,dog
794,dog.4820.jpg,1.0,dog
795,dog.4800.jpg,1.0,dog
796,dog.4825.jpg,1.0,dog
797,dog.4816.jpg,1.0,dog
798,dog.4828.jpg,1.0,dog
799,dog.4821.jpg,1.0,dog
800,dog.4819.jpg,1.0,dog
801,dog.4808.jpg,1.0,dog
802,dog.4829.jpg,1.0,dog
803,dog.4807.jpg,1.0,dog
804,dog.4805.jpg,1.0,dog
805,dog.4794.jpg,1.0,dog
806,dog.4804.jpg,1.0,dog
807,dog.4822.jpg,1.0,dog
808,dog.4811.jpg,1.0,dog
809,dog.4801.jpg,1.0,dog
810,dog.4802.jpg,1.0,dog
811,dog.4824.jpg,1.0,dog
812,dog.4830.jpg,1.0,dog
813,dog.4799.jpg,1.0,dog
814,dog.4827.jpg,1.0,dog
815,dog.4815.jpg,1.0,dog
816,dog.4826.jpg,1.0,dog
817,dog.4810.jpg,1.0,dog
818,dog.4830(1).jpg,1.0,dog
819,dog.4795.jpg,1.0,dog
820,dog.4814.jpg,1.0,dog
821,dog.4798.jpg,1.0,dog
822,dog.4824(1).jpg,1.0,dog
823,dog.4796.jpg,1.0,dog
824,dog.4797.jpg,1.0,dog
825,dog.4831.jpg,1.0,dog
826,dog.4818(1).jpg,1.0,dog
827,dog.4806.jpg,1.0,dog
828,dog.4813.jpg,1.0,dog
829,dog.4803.jpg,1.0,dog
830,dog.4837.jpg,1.0,dog
831,dog.4863.jpg,1.0,dog
832,dog.4852.jpg,1.0,dog
833,dog.4858.jpg,1.0,dog
834,dog.4833.jpg,1.0,dog
835,dog.4862.jpg,1.0,dog
836,dog.4857.jpg,1.0,dog
837,dog.4853.jpg,1.0,dog
838,dog.4860.jpg,1.0,dog
839,dog.4834.jpg,1.0,dog
840,dog.4840.jpg,1.0,dog
841,dog.4842.jpg,1.0,dog
842,dog.4848.jpg,1.0,dog
843,dog.4861.jpg,1.0,dog
844,dog.4847.jpg,1.0,dog
845,dog.4845.jpg,1.0,dog
846,dog.4835.jpg,1.0,dog
847,dog.4859.jpg,1.0,dog
848,dog.4851.jpg,1.0,dog
849,dog.4846.jpg,1.0,dog
850,dog.4855.jpg,1.0,dog
851,dog.4841.jpg,1.0,dog
852,dog.4836.jpg,1.0,dog
853,dog.4865.jpg,1.0,dog
854,dog.4850.jpg,1.0,dog
855,dog.4849.jpg,1.0,dog
856,dog.4856.jpg,1.0,dog
857,dog.4854.jpg,1.0,dog
858,dog.4832.jpg,1.0,dog
859,dog.4839.jpg,1.0,dog
860,dog.4844.jpg,1.0,dog
861,dog.4838.jpg,1.0,dog
862,dog.4864.jpg,1.0,dog
863,dog.4843.jpg,1.0,dog
864,dog.4868.jpg,1.0,dog
865,dog.4875.jpg,1.0,dog
866,dog.4897.jpg,1.0,dog
867,dog.4891.jpg,1.0,dog
868,dog.4878.jpg,1.0,dog
869,dog.4883.jpg,1.0,dog
870,dog.4874.jpg,1.0,dog
871,dog.4903.jpg,1.0,dog
872,dog.4884.jpg,1.0,dog
873,dog.4895.jpg,1.0,dog
874,dog.4901.jpg,1.0,dog
875,dog.4866.jpg,1.0,dog
876,dog.4880.jpg,1.0,dog
877,dog.4885.jpg,1.0,dog
878,dog.4898.jpg,1.0,dog
879,dog.4894.jpg,1.0,dog
880,dog.4893.jpg,1.0,dog
881,dog.4890.jpg,1.0,dog
882,dog.4882.jpg,1.0,dog
883,dog.4867.jpg,1.0,dog
884,dog.4873.jpg,1.0,dog
885,dog.4870.jpg,1.0,dog
886,dog.4877.jpg,1.0,dog
887,dog.4892.jpg,1.0,dog
888,dog.4888.jpg,1.0,dog
889,dog.4896.jpg,1.0,dog
890,dog.4872.jpg,1.0,dog
891,dog.4886.jpg,1.0,dog
892,dog.4900.jpg,1.0,dog
893,dog.4871.jpg,1.0,dog
894,dog.4889.jpg,1.0,dog
895,dog.4902.jpg,1.0,dog
896,dog.4899.jpg,1.0,dog
897,dog.4876.jpg,1.0,dog
898,dog.4869.jpg,1.0,dog
899,dog.4881.jpg,1.0,dog
900,dog.4887.jpg,1.0,dog
901,dog.4879.jpg,1.0,dog
902,dog.4926.jpg,1.0,dog
903,dog.4940.jpg,1.0,dog
904,dog.4909.jpg,1.0,dog
905,dog.4920.jpg,1.0,dog
906,dog.4922.jpg,1.0,dog
907,dog.4923.jpg,1.0,dog
908,dog.4938.jpg,1.0,dog
909,dog.4943.jpg,1.0,dog
910,dog.4908.jpg,1.0,dog
911,dog.4931.jpg,1.0,dog
912,dog.4936.jpg,1.0,dog
913,dog.4905.jpg,1.0,dog
914,dog.4927.jpg,1.0,dog
915,dog.4929.jpg,1.0,dog
916,dog.4912.jpg,1.0,dog
917,dog.4917.jpg,1.0,dog
918,dog.4921.jpg,1.0,dog
919,dog.4914.jpg,1.0,dog
920,dog.4941.jpg,1.0,dog
921,dog.4907.jpg,1.0,dog
922,dog.4942.jpg,1.0,dog
923,dog.4911.jpg,1.0,dog
924,dog.4915.jpg,1.0,dog
925,dog.4930.jpg,1.0,dog
926,dog.4906.jpg,1.0,dog
927,dog.4918.jpg,1.0,dog
928,dog.4932.jpg,1.0,dog
929,dog.4916.jpg,1.0,dog
930,dog.4933.jpg,1.0,dog
931,dog.4928.jpg,1.0,dog
932,dog.4935.jpg,1.0,dog
933,dog.4925.jpg,1.0,dog
934,dog.4934.jpg,1.0,dog
935,dog.4913.jpg,1.0,dog
936,dog.4904.jpg,1.0,dog
937,dog.4937.jpg,1.0,dog
938,dog.4924.jpg,1.0,dog
939,dog.4910.jpg,1.0,dog
940,dog.4919.jpg,1.0,dog
941,dog.4939.jpg,1.0,dog
942,dog.4980.jpg,1.0,dog
943,dog.4952.jpg,1.0,dog
944,dog.4964.jpg,1.0,dog
945,dog.4965.jpg,1.0,dog
946,dog.4955.jpg,1.0,dog
947,dog.4971.jpg,1.0,dog
948,dog.4953.jpg,1.0,dog
949,dog.4947.jpg,1.0,dog
950,dog.4958.jpg,1.0,dog
951,dog.4944.jpg,1.0,dog
952,dog.4961.jpg,1.0,dog
953,dog.4950.jpg,1.0,dog
954,dog.4948.jpg,1.0,dog
955,dog.4945.jpg,1.0,dog
956,dog.4956.jpg,1.0,dog
957,dog.4978.jpg,1.0,dog
958,dog.4960.jpg,1.0,dog
959,dog.4976.jpg,1.0,dog
960,dog.4946.jpg,1.0,dog
961,dog.4969.jpg,1.0,dog
962,dog.4973.jpg,1.0,dog
963,dog.4981.jpg,1.0,dog
964,dog.4977.jpg,1.0,dog
965,dog.4957.jpg,1.0,dog
966,dog.4963.jpg,1.0,dog
967,dog.4959.jpg,1.0,dog
968,dog.4962.jpg,1.0,dog
969,dog.4972.jpg,1.0,dog
970,dog.4954.jpg,1.0,dog
971,dog.4967.jpg,1.0,dog
972,dog.4979.jpg,1.0,dog
973,dog.4970.jpg,1.0,dog
974,dog.4968.jpg,1.0,dog
975,dog.4974.jpg,1.0,dog
976,dog.4951.jpg,1.0,dog
977,dog.4949.jpg,1.0,dog
978,dog.4975.jpg,1.0,dog
979,dog.4966.jpg,1.0,dog
980,dog.4993.jpg,1.0,dog
981,dog.4998.jpg,1.0,dog
982,dog.4997.jpg,1.0,dog
983,dog.4986.jpg,1.0,dog
984,dog.4987.jpg,1.0,dog
985,dog.4988.jpg,1.0,dog
986,dog.4989.jpg,1.0,dog
987,dog.4984.jpg,1.0,dog
988,dog.4985.jpg,1.0,dog
989,dog.4999.jpg,1.0,dog
990,dog.4995.jpg,1.0,dog
991,dog.4996.jpg,1.0,dog
992,dog.4991.jpg,1.0,dog
993,dog.4990.jpg,1.0,dog
994,dog.4983.jpg,1.0,dog
995,dog.5000.jpg,1.0,dog
996,dog.4992.jpg,1.0,dog
997,dog.4982.jpg,1.0,dog
998,dog.4994.jpg,1.0,dog
999,dog.4028.jpg,1.0,dog
1000,dog.4024.jpg,1.0,dog
1001,dog.4013.jpg,1.0,dog
1002,dog.4021.jpg,1.0,dog
1003,dog.4031.jpg,1.0,dog
1004,dog.4017.jpg,1.0,dog
1005,dog.4007.jpg,1.0,dog
1006,dog.4030.jpg,1.0,dog
1007,dog.4025.jpg,1.0,dog
1008,dog.4016.jpg,1.0,dog
1009,dog.4009.jpg,1.0,dog
1010,dog.4022.jpg,1.0,dog
1011,dog.4006.jpg,1.0,dog
